Precision,Recall,Accuracy,F1-Score,method
0.14646464646464646,0.30687830687830686,0.30687830687830686,0.1982905982905983,canny
