Precision,Recall,Accuracy,F1-Score,method
0.14308943089430895,0.4631578947368421,0.4631578947368421,0.21863354037267083,canny
