Precision,Recall,Accuracy,F1-Score,method
0.14990512333965844,0.341991341991342,0.341991341991342,0.20844327176781002,laplacian
