Precision,Recall,Accuracy,F1-Score,method
0.16541353383458646,0.3157894736842105,0.3157894736842105,0.21710526315789472, no_pre
