Precision,Recall,Accuracy,F1-Score,method
0.08577633007600434,0.37799043062200954,0.37799043062200954,0.1398230088495575,no_pre
