Precision,Recall,Accuracy,F1-Score,method
0.4117647058823529,0.14285714285714285,0.14285714285714285,0.21212121212121207,sobel
