Precision,Recall,Accuracy,F1-Score,method
0.33136094674556216,0.2731707317073171,0.2731707317073171,0.29946524064171126,threshold
