Precision,Recall,Accuracy,F1-Score,method
0.2878787878787879,0.37073170731707317,0.37073170731707317,0.32409381663113007,threshold
