Precision,Recall,Accuracy,F1-Score,method
0.29642857142857143,0.4029126213592233,0.4029126213592233,0.34156378600823045,canny
