Precision,Recall,Accuracy,F1-Score,method
0.19160104986876642,0.33796296296296297,0.33796296296296297,0.24455611390284757,gaussian
