Precision,Recall,Accuracy,F1-Score,method
0.4367816091954023,0.329004329004329,0.329004329004329,0.3753086419753086,laplacian
