Precision,Recall,Accuracy,F1-Score,method
0.6818181818181818,0.15306122448979592,0.15306122448979592,0.25000000000000006,sobel
