Precision,Recall,Accuracy,F1-Score,method
0.19559228650137742,0.37566137566137564,0.37566137566137564,0.2572463768115942,canny
