Precision,Recall,Accuracy,F1-Score,method
0.12967289719626168,0.5285714285714286,0.5285714285714286,0.20825515947467169,gaussian
