Precision,Recall,Accuracy,F1-Score,method
0.21770334928229665,0.3939393939393939,0.3939393939393939,0.28043143297380585,laplacian
