Precision,Recall,Accuracy,F1-Score,method
0.11086474501108648,0.4784688995215311,0.4784688995215311,0.18001800180018002,no_pre
