Precision,Recall,Accuracy,F1-Score,method
0.3770491803278688,0.33658536585365856,0.33658536585365856,0.3556701030927835,threshold
